ST,accession,organism,16S_copies
2,GCF_016906245.1,Streptomyces californicus,6
2,GCF_000715745.1,Streptomyces californicus,1
2,GCF_000717645.1,Streptomyces californicus,1
2,GCF_000717965.1,Streptomyces purpeochromogenes,1
2,GCF_000718245.1,Streptomyces californicus,1
2,GCF_000718615.1,Streptomyces purpeochromogenes,1
2,GCF_000720065.1,Streptomyces sp.,1
2,GCF_016906225.1,Streptomyces californicus,5
2,GCF_016906205.1,Streptomyces californicus,6
2,GCF_016906185.1,Streptomyces californicus,5
9,GCF_000717025.1,Streptomyces atroolivaceus,1
11,GCF_000725545.1,Streptomyces exfoliatus,1
11,GCF_000718175.1,Streptomyces exfoliatus,1
12,GCF_900105705.1,Streptomyces griseus,6
12,GCF_001723115.1,Streptomyces griseus,1
12,GCF_000010605.1,Streptomyces griseus,6
12,GCF_900460065.1,Streptomyces griseus,4
12,GCF_009866455.1,Streptomyces griseus,1
16,GCF_008704495.1,Streptomyces kanamyceticus,3
16,GCF_001418465.1,Streptomyces kanamyceticus,1
17,GCF_008639165.1,Streptomyces venezuelae,5
17,GCF_001886595.1,Streptomyces venezuelae,4
18,GCF_000720235.1,Streptomyces sp.,1
18,GCF_000720455.1,Streptomyces virginiae,1
18,GCF_000966965.1,Streptomyces sp.,1
20,GCF_002154575.1,Streptomyces bobili,1
24,GCF_002154385.1,Streptomyces albovinaceus,1
25,GCF_004028635.1,Streptomyces cyaneus,1
29,GCF_001700505.1,Streptomyces mutomycini,1
32,GCF_014650935.1,Streptomyces subrutilus,1
32,GCF_008704535.1,Streptomyces subrutilus,6
38,GCF_000716935.1,Streptomyces alboviridis,1
39,GCF_000359525.1,Streptomyces albidoflavus,5
39,GCF_013693715.1,Streptomyces albidoflavus,4
45,GCF_014648615.1,Streptomyces nojiriensis,1
45,GCF_016755855.1,Streptomyces nojiriensis,7
45,GCF_017639205.1,Streptomyces nojiriensis,7
47,GCF_016755875.1,Streptomyces spororaveus,7
49,GCF_000717665.1,Streptomyces californicus,1
51,GCF_013409565.1,Streptomyces fulvorobeus,3
51,GCF_013167895.1,Streptomyces fulvorobeus,3
52,GCF_000720485.1,Streptomyces ochraceiscleroticus,1
55,GCF_001723055.1,Streptomyces niveus,1
56,GCF_001553455.1,Streptomyces hygroscopicus,1
56,GCF_001553475.1,Streptomyces hygroscopicus,1
58,GCF_004125245.1,Streptomyces lydicus,7
59,GCF_009811635.1,Streptomyces tubercidicus,7
60,GCF_001294335.1,Streptomyces chattanoogensis,1
66,GCF_009811555.1,Streptomyces caniferus,7
67,GCF_005405925.1,Streptomyces antimycoticus,1
69,GCF_014648695.1,Streptomyces albospinus,1
78,GCF_001570645.1,Streptomyces hygroscopicus,1
78,GCF_001553435.1,Streptomyces hygroscopicus,1
82,GCF_001270575.1,Streptomyces decoyicus,1
85,GCF_003970715.1,Streptomyces luteoverticillatus,6
91,GCF_002727115.1,Streptomyces cinnamoneus,8
91,GCF_002939475.1,Streptomyces cinnamoneus,3
92,GCF_009811595.1,Streptomyces libani,4
93,GCF_016834575.1,Streptomyces sp.,1
94,GCF_002154275.1,Streptomyces antimycoticus,1
95,GCF_009936315.1,Streptomyces antimycoticus,3
98,GCF_018138715.1,Streptomyces asiaticus,4
98,GCF_018138705.1,Streptomyces indonesiensis,2
99,GCF_002155885.1,Streptomyces rhizosphaericus,1
99,GCF_017942185.1,Streptomyces rhizosphaericus,5
103,GCF_000715845.1,Streptomyces monomycini,1
105,GCF_004195845.1,Streptomyces albidoflavus,1
107,GCF_004195885.1,Streptomyces albidoflavus,1
110,GCF_004195755.1,Streptomyces albidoflavus,1
120,GCF_016612755.1,Streptomyces sp.,1
123,GCF_001514195.1,Streptomyces griseorubiginosus,1
124,GCF_001278075.1,Streptomyces pristinaespiralis,6
124,GCF_014070435.1,Streptomyces pristinaespiralis,5
125,GCF_014650375.1,Streptomyces nitrosporeus,1
125,GCF_008704555.1,Streptomyces nitrosporeus,6
128,GCF_016906265.1,Streptomyces californicus,6
129,GCF_002155905.1,Streptomyces tricolor,1
138,GCF_004195945.1,Streptomyces albidoflavus,1
143,GCF_004196035.1,Streptomyces albidoflavus,1
144,GCF_004195935.1,Streptomyces albidoflavus,1
144,GCF_004195955.1,Streptomyces albidoflavus,1
146,GCF_004195995.1,Streptomyces albidoflavus,1
148,GCF_004195855.1,Streptomyces albidoflavus,1
150,GCF_004196145.1,Streptomyces albidoflavus,1
150,GCF_004196155.1,Streptomyces albidoflavus,1
152,GCF_004195965.1,Streptomyces albidoflavus,1
155,GCF_000716675.1,Streptomyces alboflavus,1
156,GCF_000813365.1,Streptomyces albus,1
156,GCF_001661615.1,Streptomyces albus,1
156,GCF_001418545.1,Streptomyces albus,1
156,GCF_001418125.1,Streptomyces albus,1
157,GCF_002154415.1,Streptomyces angustmyceticus,1
160,GCF_000009765.2,Streptomyces avermitilis,6
160,GCF_000764715.1,Streptomyces avermitilis,1
160,GCF_001514135.1,Streptomyces avermitilis,1
160,GCF_002017835.1,Streptomyces avermitilis,5
160,GCF_005405965.1,Streptomyces avermitilis,5
160,GCF_009862865.1,Streptomyces sp.,6
160,GCF_005406005.1,Streptomyces avermitilis,5
162,GCF_009870085.1,Streptomyces sp.,1
162,GCF_000383595.1,Streptomyces bottropensis,6
162,GCF_000340335.1,Streptomyces bottropensis,1
167,GCF_015912435.1,Streptomyces clavuligerus,1
167,GCF_015912455.1,Streptomyces clavuligerus,1
167,GCF_001693675.1,Streptomyces clavuligerus,6
167,GCF_015912395.1,Streptomyces clavuligerus,1
167,GCF_015767935.1,Streptomyces clavuligerus,5
167,GCF_015767915.1,Streptomyces clavuligerus,5
167,GCF_015767855.1,Streptomyces clavuligerus,5
167,GCF_015767875.1,Streptomyces clavuligerus,5
167,GCF_015912465.1,Streptomyces clavuligerus,1
167,GCF_015767815.1,Streptomyces clavuligerus,4
167,GCF_015767795.1,Streptomyces clavuligerus,5
167,GCF_015767775.1,Streptomyces clavuligerus,5
167,GCF_015767755.1,Streptomyces clavuligerus,5
167,GCF_015767735.1,Streptomyces clavuligerus,5
167,GCF_015708605.1,Streptomyces clavuligerus,5
167,GCF_005519465.1,Streptomyces clavuligerus,5
167,GCF_003454755.1,Streptomyces clavuligerus,6
167,GCF_015767895.1,Streptomyces clavuligerus,4
167,GCF_015912875.1,Streptomyces clavuligerus,1
167,GCF_000163875.1,Streptomyces clavuligerus,4
167,GCF_015912925.1,Streptomyces clavuligerus,1
167,GCF_015912945.1,Streptomyces clavuligerus,1
167,GCF_015912975.1,Streptomyces clavuligerus,1
167,GCF_015912985.1,Streptomyces clavuligerus,1
167,GCF_015912995.1,Streptomyces clavuligerus,1
167,GCF_000148465.1,Streptomyces clavuligerus,3
167,GCF_015912895.1,Streptomyces clavuligerus,1
168,GCF_008931305.1,Streptomyces coelicolor,4
168,GCF_009862445.1,Streptomyces sp.,4
168,GCF_013307045.1,Streptomyces coelicolor,1
168,GCF_013317105.1,Streptomyces coelicolor,4
168,GCF_008124975.1,Streptomyces coelicolor,1
168,GCF_008124915.1,Streptomyces coelicolor,1
168,GCF_008124905.1,Streptomyces coelicolor,1
168,GCF_008125035.1,Streptomyces coelicolor,1
168,GCF_008124985.1,Streptomyces coelicolor,1
173,GCF_000955965.1,Streptomyces variegatus,1
173,GCF_000725785.1,Streptomyces flavovariabilis,1
174,GCF_000385945.1,Streptomyces fulvissimus,6
180,GCF_001418475.1,Streptomyces ossamyceticus,1
181,GCF_000717055.1,Streptomyces iakyrus,1
182,GCF_006547165.1,Streptomyces ipomoeae,1
183,GCF_000966975.1,Streptomyces katrae,1
184,GCF_000718155.1,Streptomyces lavendulae,1
185,GCF_000718625.1,Streptomyces lavenduligriseus,1
185,GCF_011820545.1,Streptomyces sp.,4
186,GCF_000696595.1,Streptomyces leeuwenhoekii,1
190,GCF_000342125.1,Streptomyces mobaraensis,1
191,GCF_001418645.1,Streptomyces neyagawaensis,1
193,GCF_000819545.1,Streptomyces nodosus,1
194,GCF_000716875.1,Streptomyces novaecaesareae,1
194,GCF_000717725.1,Streptomyces pyridomyceticus,1
195,GCF_000721235.1,Streptomyces olivaceus,1
202,GCF_000367365.1,Streptomyces prunicolor,1
204,GCF_000384175.1,Streptomyces purpureus,2
206,GCF_001514265.1,Streptomyces resistomycificus,1
206,GCF_001270505.1,Streptomyces resistomycificus,1
206,GCF_000716215.1,Streptomyces resistomycificus,1
220,GCF_000718095.1,Streptomyces scopuliridis,1
220,GCF_003073355.1,Streptomyces scopuliridis,1
226,GCF_000719255.1,Streptomyces varsoviensis,1
226,GCF_000718635.1,Streptomyces varsoviensis,1
227,GCF_000830005.1,Streptomyces vietnamensis,7
230,GCF_000380165.1,Streptomyces vitaminophilus,1
230,GCF_001445835.1,Streptomyces vitaminophilus,1
231,GCF_001270515.1,Streptomyces viridochromogenes,1
231,GCF_000716445.1,Streptomyces wedmorensis,1
232,GCF_000725805.1,Streptomyces xanthophaeus,1
233,GCF_000220705.2,Streptomyces xinghaiensis,2
234,GCF_000745345.1,Streptomyces yeochonensis,5
236,GCF_000225525.1,Streptomyces zinciresistens,1
238,GCF_000092385.1,Streptomyces bingchenggensis,6
239,GCF_000147815.2,Streptomyces violaceusniger,4
240,GCF_000177175.2,Streptomyces sp.,3
241,GCF_900091715.1,Streptomyces sp.,1
241,GCF_900095575.1,Streptomyces sp.,1
241,GCF_009863165.1,Streptomyces sp.,1
241,GCF_009862475.1,Streptomyces sp.,1
241,GCF_009862105.1,Streptomyces sp.,1
241,GCF_000382745.1,Streptomyces sp.,1
241,GCF_000177195.2,Streptomyces sp.,6
241,GCF_009865465.1,Streptomyces sp.,6
242,GCF_000226455.1,Streptomyces chartreusis,1
242,GCF_009862985.1,Streptomyces sp.,1
242,GCF_900236475.1,Streptomyces chartreusis,6
242,GCF_900236505.1,Streptomyces chartreusis,6
243,GCF_000239075.1,Streptomyces sp.,1
244,GCF_000253235.1,Streptomyces venezuelae,1
245,GCF_000261345.2,Streptomyces globisporus,6
246,GCF_000297635.1,Streptomyces sp.,1
247,GCF_000299175.2,Streptomyces sp.,1
248,GCF_000317595.1,Streptomyces ipomoeae,7
249,GCF_000720605.1,Streptomyces rimosus,1
249,GCF_008704655.1,Streptomyces rimosus,4
249,GCF_006229535.1,Streptomyces rimosus,7
249,GCF_001507395.1,Streptomyces rimosus,1
249,GCF_001279375.1,Streptomyces rimosus,1
249,GCF_001279105.1,Streptomyces rimosus,1
249,GCF_001279095.1,Streptomyces rimosus,1
249,GCF_001279075.1,Streptomyces rimosus,1
249,GCF_001279025.1,Streptomyces sp.,1
249,GCF_000707925.2,Streptomyces rimosus,3
249,GCF_000718815.1,Streptomyces sp.,1
249,GCF_001279015.1,Streptomyces rimosus,1
249,GCF_000718715.1,Streptomyces rimosus,1
249,GCF_000718295.1,Streptomyces capuensis,1
249,GCF_000717285.1,Streptomyces rimosus,1
249,GCF_000716845.1,Streptomyces capuensis,1
249,GCF_000721045.1,Streptomyces rimosus,1
249,GCF_000331185.2,Streptomyces rimosus,5
249,GCF_000718835.1,Streptomyces rimosus,1
249,GCF_000720715.1,Streptomyces rimosus,1
249,GCF_000718865.1,Streptomyces rimosus,1
249,GCF_000720565.1,Streptomyces rimosus,1
250,GCF_000332625.1,Streptomyces viridochromogenes,1
251,GCF_000349325.1,Streptomyces davaonensis,6
252,GCF_000364805.1,Streptomyces sp.,5
253,GCF_000373405.1,Streptomyces sp.,1
253,GCF_009872615.1,Streptomyces sp.,1
254,GCF_000403665.1,Streptomyces lividans,1
254,GCF_000972395.1,Streptomyces sp.,1
255,GCF_000403765.2,Streptomyces albulus,1
255,GCF_003851665.1,Streptomyces albulus,6
256,GCF_000411495.1,Streptomyces sp.,2
256,GCF_000720885.1,Streptomyces albus,1
256,GCF_004768505.1,Streptomyces albus,1
256,GCF_011006355.1,Streptomyces albus,1
257,GCF_000444875.1,Streptomyces collinus,6
258,GCF_000495755.1,Streptomyces sp.,6
259,GCF_000498935.1,Streptomyces sp.,1
260,GCF_009865365.1,Streptomyces sp.,1
260,GCF_900091745.1,Streptomyces sp.,1
261,GCF_000590515.1,Streptomyces sp.,1
262,GCF_000612545.2,Streptomyces sp.,7
263,GCF_009862115.1,Streptomyces sp.,1
263,GCF_000647875.1,Streptomyces sp.,1
264,GCF_000695235.1,Streptomyces albulus,3
265,GCF_000698495.1,Streptomyces sp.,6
266,GCF_002966105.1,Streptomyces xinghaiensis,1
266,GCF_000700005.2,Streptomyces xinghaiensis,1
266,GCF_001190165.1,Streptomyces fradiae,1
266,GCF_003122345.2,Streptomyces xinghaiensis,1
266,GCF_001756925.1,Streptomyces fradiae,1
267,GCF_000709915.1,Streptomyces griseorubens,1
268,GCF_000716025.1,Streptomyces baarnensis,1
269,GCF_000716515.1,Streptomyces rimosus,1
270,GCF_000716625.1,Streptomyces bikiniensis,1
271,GCF_000716685.1,Streptomyces virginiae,1
272,GCF_000717595.1,Streptomyces flavochromogenes,1
273,GCF_000717655.1,Streptomyces katrae,1
274,GCF_000717745.1,Streptomyces violens,1
275,GCF_000717795.1,Streptomyces griseus,1
276,GCF_000717845.1,Streptomyces violaceoruber,1
277,GCF_000717925.1,Streptomyces sp.,1
278,GCF_000718015.1,Streptomyces catenulae,1
279,GCF_000718165.1,Streptomyces fulvoviolaceus,1
280,GCF_000718205.1,Streptomyces griseus,1
280,GCF_001270675.1,Streptomyces griseus,1
280,GCF_000721205.1,Streptomyces griseus,1
280,GCF_000719035.1,Streptomyces griseus,1
280,GCF_000718915.1,Streptomyces sp.,1
281,GCF_000718235.1,Streptomyces griseus,1
282,GCF_000718375.1,Streptomyces sp.,1
282,GCF_001279005.1,Streptomyces caelestis,1
283,GCF_000718455.1,Streptomyces globisporus,1
284,GCF_000718525.1,Streptomyces griseus,1
284,GCF_000721035.1,Streptomyces griseus,1
285,GCF_000718675.1,Streptomyces rimosus,1
285,GCF_000721665.1,Streptomyces rimosus,1
286,GCF_000718705.1,Streptomyces lavendulae,1
286,GCF_000719625.1,Streptomyces sp.,1
286,GCF_017876235.1,Streptomyces cinnamonensis,7
287,GCF_000719185.1,Streptomyces rimosus,1
287,GCF_000718755.1,Streptomyces rimosus,1
288,GCF_000718775.1,Streptomyces sp.,1
289,GCF_000718935.1,Streptomyces sp.,1
290,GCF_000718955.1,Streptomyces sp.,1
290,GCF_000720795.1,Streptomyces sp.,1
291,GCF_000719265.1,Streptomyces roseoverticillatus,1
292,GCF_000719355.1,Streptomyces griseus,1
293,GCF_000719365.1,Streptomyces sp.,1
294,GCF_000719425.1,Streptomyces sp.,1
295,GCF_000719495.1,Streptomyces albidoflavus,1
296,GCF_000719505.1,Streptomyces sp.,1
297,GCF_000719555.1,Streptomyces sp.,1
298,GCF_000719585.1,Streptomyces sp.,1
299,GCF_000719605.1,Streptomyces sp.,1
300,GCF_000719655.1,Streptomyces sp.,1
301,GCF_000719735.1,Streptomyces sp.,1
302,GCF_000719785.1,Streptomyces sp.,1
303,GCF_000719865.1,Streptomyces albus,1
304,GCF_000719895.1,Streptomyces sp.,1
305,GCF_000719925.1,Streptomyces sp.,1
306,GCF_000720135.1,Streptomyces sp.,1
307,GCF_000720175.1,Streptomyces sp.,1
308,GCF_000720215.1,Streptomyces sp.,1
309,GCF_000720395.1,Streptomyces flavovirens,1
310,GCF_000720405.1,Streptomyces sp.,1
311,GCF_000720505.1,Streptomyces sp.,1
312,GCF_000720675.1,Streptomyces sp.,1
313,GCF_000721105.1,Streptomyces cellulosae,1
314,GCF_000721185.1,Streptomyces griseolus,1
315,GCF_000721435.1,Streptomyces sp.,1
316,GCF_000721535.1,Streptomyces hygroscopicus,1
317,GCF_000721575.1,Streptomyces griseus,1
318,GCF_000721595.1,Streptomyces sp.,1
319,GCF_000721605.1,Streptomyces sp.,1
320,GCF_000721945.1,Streptomyces sp.,1
320,GCF_001513955.1,Streptomyces pseudovenezuelae,1
321,GCF_000722185.1,Streptomyces sp.,1
322,GCF_000725555.1,Streptomyces erythrochromogenes,1
323,GCF_001279065.1,Streptomyces rimosus,1
323,GCF_000725565.1,Streptomyces peucetius,1
324,GCF_000725635.1,Streptomyces sp.,1
325,GCF_000725725.1,Streptomyces xanthophaeus,1
326,GCF_004328625.1,Streptomyces seoulensis,4
326,GCF_000725795.1,Streptomyces seoulensis,1
327,GCF_001550245.1,Streptomyces scabiei,5
327,GCF_001005405.1,Streptomyces scabiei,1
327,GCF_000738715.1,Streptomyces scabiei,1
328,GCF_000739045.1,Streptomyces luteus,6
329,GCF_000743295.1,Streptomyces sp.,1
330,GCF_000797385.1,Streptomyces sp.,1
331,GCF_000800535.1,Streptomyces sp.,1
332,GCF_000805335.1,Streptomyces sp.,5
333,GCF_000816025.1,Streptomyces sp.,6
334,GCF_000816485.1,Streptomyces sp.,1
335,GCF_000829695.1,Streptomyces sp.,1
336,GCF_000829715.2,Streptomyces lydicamycinicus,1
337,GCF_000931445.1,Streptomyces cyaneogriseus,5
338,GCF_003147545.1,Streptomyces globisporus,6
339,GCF_000935185.3,Streptomyces albulus,7
340,GCF_000956015.1,Streptomyces sp.,1
341,GCF_000968685.2,Streptomyces antioxidans,1
342,GCF_000972435.1,Streptomyces sp.,1
343,GCF_000980885.2,Streptomyces malaysiense,1
344,GCF_014873495.1,Streptomyces stelliscabiei,6
344,GCF_001008135.1,Streptomyces stelliscabiei,1
344,GCF_001189035.1,Streptomyces stelliscabiei,1
345,GCF_001014595.1,Streptomyces sp.,1
346,GCF_001040905.1,Streptomyces sp.,1
347,GCF_001047315.1,Streptomyces leeuwenhoekii,1
348,GCF_001187435.1,Streptomyces caatingaensis,6
349,GCF_001189025.1,Streptomyces europaeiscabiei,1
350,GCF_001267885.1,Streptomyces ambofaciens,5
351,GCF_001270565.1,Streptomyces virginiae,1
352,GCF_001279345.1,Streptomyces rimosus,1
353,GCF_001279365.1,Streptomyces sp.,1
354,GCF_001279425.1,Streptomyces sp.,1
355,GCF_001279445.1,Streptomyces sp.,1
355,GCF_001279485.1,Streptomyces sp.,1
355,GCF_001279845.1,Streptomyces sp.,1
355,GCF_001279885.1,Streptomyces sp.,1
355,GCF_001279925.1,Streptomyces sp.,1
355,GCF_014217585.1,Streptomyces sp.,7
356,GCF_001279455.1,Streptomyces sp.,1
357,GCF_001279495.1,Streptomyces sp.,1
358,GCF_001279625.1,Streptomyces sp.,1
359,GCF_001279685.1,Streptomyces sp.,1
360,GCF_001279735.1,Streptomyces sp.,1
361,GCF_001279765.1,Streptomyces sp.,1
362,GCF_001279815.1,Streptomyces sp.,1
362,GCF_001279855.1,Streptomyces sp.,1
362,GCF_001279965.1,Streptomyces sp.,1
363,GCF_001279905.1,Streptomyces sp.,1
364,GCF_001279935.1,Streptomyces sp.,1
365,GCF_001282115.1,Streptomyces sp.,1
365,GCF_002156095.1,Streptomyces sp.,1
366,GCF_001294345.1,Streptomyces sp.,1
367,GCF_001417695.1,Streptomyces sp.,1
368,GCF_001418135.1,Streptomyces aureus,1
369,GCF_001418175.1,Streptomyces hirsutus,1
370,GCF_001418395.1,Streptomyces prasinopilosus,1
371,GCF_001418415.1,Streptomyces hirsutus,1
372,GCF_001418625.1,Streptomyces luridiscabiei,1
373,GCF_001419695.1,Streptomyces prasinopilosus,1
374,GCF_001419705.1,Streptomyces prasinus,1
375,GCF_001425805.1,Streptomyces sp.,1
376,GCF_001426325.1,Streptomyces sp.,1
376,GCF_001427565.1,Streptomyces sp.,1
377,GCF_001431765.1,Streptomyces sp.,5
377,GCF_009846825.1,Streptomyces sp.,1
378,GCF_001434355.1,Streptomyces anulatus,6
379,GCF_001445655.1,Streptomyces roseifaciens,3
380,GCF_001469455.2,Streptomyces sp.,1
381,GCF_001485125.1,Streptomyces scabiei,1
382,GCF_001509565.1,Streptomyces albidoflavus,1
383,GCF_001509775.1,Streptomyces violaceusniger,1
384,GCF_001509795.1,Streptomyces sp.,1
384,GCF_001509785.1,Streptomyces sp.,1
385,GCF_001513975.1,Streptomyces curacoi,1
386,GCF_001513985.1,Streptomyces griseorubiginosus,1
387,GCF_001514045.1,Streptomyces canus,1
388,GCF_001514055.1,Streptomyces corchorusii,1
389,GCF_001514145.1,Streptomyces canus,1
390,GCF_001514235.1,Streptomyces caeruleatus,1
391,GCF_001531145.1,Streptomyces sp.,1
392,GCF_001550215.1,Streptomyces scabiei,5
393,GCF_017968935.1,Streptomyces sp.,3
393,GCF_003584815.1,Streptomyces scabiei,1
393,GCF_001550225.1,Streptomyces scabiei,6
393,GCF_017969045.1,Streptomyces sp.,4
393,GCF_017933255.1,Streptomyces sp.,3
393,GCF_017968905.1,Streptomyces sp.,2
393,GCF_017933115.1,Streptomyces sp.,3
394,GCF_001550295.1,Streptomyces scabiei,6
395,GCF_001572115.1,Streptomyces scabiei,6
396,GCF_001579685.1,Streptomyces scabiei,6
397,GCF_002943895.1,Streptomyces sp.,1
397,GCF_001592685.1,Streptomyces sp.,1
398,GCF_001598115.1,Streptomyces sp.,5
399,GCF_001632865.1,Streptomyces ambofaciens,6
400,GCF_001640565.1,Streptomyces sp.,1
400,GCF_001650215.1,Streptomyces sp.,5
401,GCF_001652895.1,Streptomyces sp.,1
402,GCF_003344445.1,Streptomyces lincolnensis,1
402,GCF_001685355.1,Streptomyces lincolnensis,1
402,GCF_014083905.1,Streptomyces lincolnensis,1
403,GCF_001705785.1,Streptomyces hygroscopicus,1
404,GCF_001723075.1,Streptomyces niveus,1
405,GCF_001729485.1,Streptomyces lydicus,7
406,GCF_001735805.1,Streptomyces fodineus,5
407,GCF_001746295.1,Streptomyces sp.,1
408,GCF_001746305.1,Streptomyces sp.,1
409,GCF_001746425.1,Streptomyces subrutilus,3
410,GCF_001751305.1,Streptomyces nanshensis,2
411,GCF_001865795.1,Streptomyces albidoflavus,1
412,GCF_001866665.1,Streptomyces monashensis,1
413,GCF_001866675.1,Streptomyces sp.,1
414,GCF_001905005.1,Streptomyces sp.,1
415,GCF_001905385.1,Streptomyces sp.,1
416,GCF_001905405.1,Streptomyces sp.,1
417,GCF_014495705.1,Streptomyces sp.,1
417,GCF_001905485.1,Streptomyces sp.,1
418,GCF_001905505.1,Streptomyces sp.,1
419,GCF_001905525.1,Streptomyces sp.,1
420,GCF_001905575.1,Streptomyces sp.,1
421,GCF_001905645.1,Streptomyces sp.,1
422,GCF_001905785.1,Streptomyces sp.,1
423,GCF_001905825.1,Streptomyces sp.,1
424,GCF_001905855.1,Streptomyces sp.,1
425,GCF_001905905.1,Streptomyces sp.,1
426,GCF_001941845.1,Streptomyces sp.,5
427,GCF_001953875.1,Streptomyces amritsarensis,1
428,GCF_001984445.1,Streptomyces lydicus,6
429,GCF_002005565.1,Streptomyces sp.,1
430,GCF_002021875.1,Streptomyces hygroscopicus,5
431,GCF_002028385.1,Streptomyces sp.,6
432,GCF_002028425.1,Streptomyces katrae,3
432,GCF_003814735.1,Streptomyces sp.,4
433,GCF_002080455.1,Streptomyces sp.,7
434,GCF_002082175.1,Streptomyces violaceoruber,6
435,GCF_002090335.1,Streptomyces sp.,5
436,GCF_002094995.1,Streptomyces sp.,3
437,GCF_002150735.1,Streptomyces africanus,1
438,GCF_002154555.1,Streptomyces murinus,1
439,GCF_002156055.1,Streptomyces viridochromogenes,1
440,GCF_002188335.1,Streptomyces sp.,11
441,GCF_002188345.1,Streptomyces sp.,10
442,GCF_002217715.1,Streptomyces sp.,5
443,GCF_002224125.2,Streptomyces sp.,1
444,GCF_002242805.1,Streptomyces diastatochromogenes,1
445,GCF_002251155.1,Streptomyces sp.,1
446,GCF_002261115.1,Streptomyces kasugaensis,4
447,GCF_002289335.1,Streptomyces albidoflavus,1
447,GCF_002317005.1,Streptomyces albidoflavus,1
447,GCF_002317025.1,Streptomyces albidoflavus,1
447,GCF_013363555.1,Streptomyces fungicidicus,1
448,GCF_002382885.1,Streptomyces sp.,1
449,GCF_002551015.1,Streptomyces sp.,1
449,GCF_002551055.1,Streptomyces sp.,1
450,GCF_002551045.1,Streptomyces sp.,1
451,GCF_002551105.1,Streptomyces sp.,1
452,GCF_002551135.1,Streptomyces sp.,1
453,GCF_002551145.1,Streptomyces sp.,1
454,GCF_002551175.1,Streptomyces sp.,1
455,GCF_002551225.1,Streptomyces sp.,1
456,GCF_002551305.1,Streptomyces sp.,1
457,GCF_002551335.1,Streptomyces sp.,1
458,GCF_002551345.1,Streptomyces sp.,1
459,GCF_002551375.1,Streptomyces sp.,1
460,GCF_002551415.1,Streptomyces sp.,1
461,GCF_002551425.1,Streptomyces sp.,1
462,GCF_002551435.1,Streptomyces sp.,1
463,GCF_002551465.1,Streptomyces sp.,1
464,GCF_002551475.1,Streptomyces sp.,1
465,GCF_900090065.1,Streptomyces sp.,1
465,GCF_009863235.1,Streptomyces sp.,1
465,GCF_002705695.1,Streptomyces sp.,1
466,GCF_900102245.1,Streptomyces sp.,6
466,GCF_900105235.1,Streptomyces sp.,6
466,GCF_900105775.1,Streptomyces sp.,4
466,GCF_900187385.1,Streptomyces sp.,6
467,GCF_002761895.1,Streptomyces sp.,1
468,GCF_002802945.1,Streptomyces sp.,1
469,GCF_002803175.1,Streptomyces sp.,1
470,GCF_002804165.1,Streptomyces cavourensis,1
471,GCF_002832675.1,Streptomyces sp.,4
472,GCF_002844215.1,Streptomyces sp.,1
473,GCF_900215565.1,Streptomyces sp.,5
474,GCF_900105245.1,Streptomyces sp.,4
474,GCF_002846455.1,Streptomyces sp.,4
475,GCF_002891315.1,Streptomyces noursei,7
476,GCF_002891435.1,Streptomyces sp.,1
477,GCF_002899455.1,Streptomyces sp.,6
478,GCF_002910775.2,Streptomyces sp.,5
479,GCF_002910795.1,Streptomyces sp.,5
479,GCF_002910815.1,Streptomyces sp.,7
480,GCF_002910875.1,Streptomyces sp.,4
481,GCF_002910905.1,Streptomyces sp.,1
482,GCF_002910985.1,Streptomyces sp.,7
482,GCF_002910935.1,Streptomyces sp.,7
483,GCF_002939385.1,Streptomyces sp.,1
484,GCF_002941025.1,Streptomyces sp.,6
485,GCF_003013745.1,Streptomyces sp.,1
486,GCF_003024215.1,Streptomyces sp.,10
487,GCF_003041235.1,Streptomyces sp.,1
488,GCF_003048205.2,Streptomyces chartreusis,4
489,GCF_003074055.1,Streptomyces nigra,6
490,GCF_003112555.1,Streptomyces coelicoflavus,1
491,GCF_003112595.1,Streptomyces rubrogriseus,1
492,GCF_003116675.1,Streptomyces sp.,1
493,GCF_003116715.1,Streptomyces sp.,1
494,GCF_003116755.1,Streptomyces sp.,5
495,GCF_003116775.1,Streptomyces sp.,4
496,GCF_003116795.1,Streptomyces sp.,1
497,GCF_003143935.1,Streptomyces sp.,1
498,GCF_003148825.1,Streptomyces sp.,1
499,GCF_003330865.1,Streptomyces atratus,6
500,GCF_003352445.1,Streptomyces cavourensis,4
501,GCF_003353555.1,Streptomyces sp.,5
502,GCF_003363195.1,Streptomyces sp.,2
503,GCF_003367645.1,Streptomyces sp.,1
504,GCF_003369795.1,Streptomyces sp.,6
505,GCF_003389455.1,Streptomyces inhibens,1
506,GCF_003443735.1,Streptomyces sp.,6
507,GCF_003595235.1,Streptomyces griseorubiginosus,5
508,GCF_003595545.1,Streptomyces sp.,6
509,GCF_003610995.1,Streptomyces griseus,5
510,GCF_003634815.1,Streptomyces sp.,2
511,GCF_003671675.1,Streptomyces sp.,1
512,GCF_003671685.1,Streptomyces sp.,1
513,GCF_003671715.1,Streptomyces sp.,2
514,GCF_003671755.1,Streptomyces sp.,1
515,GCF_014205315.1,Streptomyces rapamycinicus,4
515,GCF_003675955.1,Streptomyces rapamycinicus,4
516,GCF_003687515.1,Streptomyces sp.,1
517,GCF_003751985.1,Streptomyces sp.,5
518,GCF_003752205.1,Streptomyces sp.,1
519,GCF_003865135.1,Streptomyces chrestomyceticus,3
520,GCF_003865155.1,Streptomyces rimosus,4
521,GCF_003933295.1,Streptomyces griseofuscus,1
522,GCF_003933485.1,Streptomyces griseofuscus,1
523,GCF_003933965.1,Streptomyces sp.,1
524,GCF_003935055.1,Streptomyces alboflavus,2
525,GCF_003945525.1,Streptomyces sp.,1
526,GCF_003947265.2,Streptomyces sp.,5
527,GCF_003947555.1,Streptomyces sp.,1
528,GCF_003947575.1,Streptomyces sp.,1
529,GCF_003947585.1,Streptomyces sp.,1
530,GCF_003949535.1,Streptomyces sp.,1
531,GCF_003949695.1,Streptomyces sp.,1
532,GCF_003949805.1,Streptomyces sp.,1
533,GCF_003949835.1,Streptomyces sp.,1
534,GCF_003949875.1,Streptomyces sp.,1
535,GCF_003949895.1,Streptomyces sp.,1
536,GCF_003949905.1,Streptomyces sp.,1
537,GCF_003950035.1,Streptomyces sp.,7
538,GCF_003955715.1,Streptomyces aquilus,5
539,GCF_003963535.1,Streptomyces cyaneochromogenes,2
540,GCF_003977875.1,Streptomyces sp.,1
541,GCF_003984905.1,Streptomyces sp.,1
542,GCF_003984925.1,Streptomyces sp.,1
543,GCF_003984935.1,Streptomyces sp.,1
544,GCF_003984965.1,Streptomyces sp.,1
545,GCF_003984975.1,Streptomyces sp.,1
546,GCF_003989035.1,Streptomyces sp.,1
547,GCF_004125275.1,Streptomyces lydicus,6
547,GCF_003994375.1,Streptomyces lydicus,6
548,GCF_004000395.1,Streptomyces sp.,1
549,GCF_004000405.1,Streptomyces sp.,1
550,GCF_004078575.1,Streptomyces albidoflavus,1
551,GCF_004104485.1,Streptomyces sp.,7
552,GCF_004117935.1,Streptomyces roseicoloratus,1
553,GCF_004124335.1,Streptomyces sp.,6
554,GCF_004125265.1,Streptomyces lydicus,7
555,GCF_004125315.1,Streptomyces sp.,6
556,GCF_004151105.1,Streptomyces sp.,1
557,GCF_004195735.1,Streptomyces albidoflavus,1
558,GCF_004195745.1,Streptomyces albidoflavus,1
559,GCF_004195895.1,Streptomyces albidoflavus,1
560,GCF_004196225.1,Streptomyces sp.,1
561,GCF_004217355.1,Streptomyces sp.,1
562,GCF_004320085.1,Streptomyces kasugaensis,1
563,GCF_004341025.1,Streptomyces sp.,1
564,GCF_004364245.1,Streptomyces sp.,1
565,GCF_004364395.1,Streptomyces sp.,7
566,GCF_004524875.1,Streptomyces sp.,1
567,GCF_004563805.1,Streptomyces sp.,1
568,GCF_004794175.1,Streptomyces sp.,1
569,GCF_004794665.1,Streptomyces sp.,4
570,GCF_004795115.1,Streptomyces sp.,1
571,GCF_004795155.1,Streptomyces sp.,1
572,GCF_004795715.1,Streptomyces sp.,5
573,GCF_004803895.1,Streptomyces hawaiiensis,5
574,GCF_005234185.1,Streptomyces sp.,1
575,GCF_005490965.1,Streptomyces sp.,5
576,GCF_005938145.1,Streptomyces sp.,6
577,GCF_006516935.1,Streptomyces griseorubiginosus,4
578,GCF_006539185.1,Streptomyces gardneri,1
579,GCF_006547175.1,Streptomyces ipomoeae,1
580,GCF_006547185.1,Streptomyces ipomoeae,1
581,GCF_006715925.1,Streptomyces sp.,5
582,GCF_006716135.1,Streptomyces asterosporus,3
583,GCF_006788935.1,Streptomyces cavourensis,6
583,GCF_014649215.1,Streptomyces cavourensis,1
584,GCF_007827595.1,Streptomyces sp.,1
585,GCF_007828695.1,Streptomyces sp.,1
586,GCF_007829875.1,Streptomyces capillispiralis,6
587,GCF_007896895.1,Streptomyces misionensis,6
588,GCF_007896905.1,Streptomyces albidoflavus,5
589,GCF_008016805.1,Streptomyces lavendulae,1
590,GCF_008039505.1,Streptomyces sp.,1
591,GCF_008042065.1,Streptomyces sp.,1
592,GCF_008042145.1,Streptomyces sp.,1
593,GCF_008086975.1,Streptomyces sp.,1
594,GCF_008087005.1,Streptomyces sp.,1
595,GCF_008180165.1,Streptomyces parvus,1
596,GCF_008632535.1,Streptomyces parvus,1
596,GCF_014648875.1,Streptomyces parvus,1
597,GCF_014654895.1,Streptomyces filamentosus,1
597,GCF_008634015.1,Streptomyces filamentosus,3
598,GCF_008634025.1,Streptomyces albofaciens,3
599,GCF_008639045.1,Streptomyces venezuelae,7
600,GCF_008642275.1,Streptomyces venezuelae,6
601,GCF_008642375.1,Streptomyces venezuelae,1
602,GCF_008704515.1,Streptomyces viridosporus,1
603,GCF_008704575.1,Streptomyces galilaeus,1
604,GCF_008704715.1,Streptomyces chartreusis,6
604,GCF_014650315.1,Streptomyces chartreusis,1
605,GCF_008704995.1,Streptomyces nodosus,5
605,GCF_014205035.1,Streptomyces nodosus,5
605,GCF_017352335.1,Streptomyces nodosus,5
606,GCF_008705135.1,Streptomyces coeruleorubidus,1
607,GCF_008705255.1,Streptomyces venezuelae,7
608,GCF_008973465.1,Streptomyces sp.,1
609,GCF_009208535.1,Streptomyces mobaraensis,1
610,GCF_009299385.1,Streptomyces cinereoruber,4
610,GCF_011758705.1,Streptomyces cinereoruber,4
610,GCF_014197485.1,Streptomyces cinereoruber,1
611,GCF_009377175.1,Streptomyces adustus,1
612,GCF_009604455.1,Streptomyces sp.,1
613,GCF_009739225.1,Streptomyces sp.,1
614,GCF_009811575.1,Streptomyces glebosus,7
614,GCF_014656235.1,Streptomyces glebosus,1
615,GCF_009829585.1,Streptomyces tendae,1
616,GCF_009832925.1,Streptomyces sp.,2
617,GCF_009834105.1,Streptomyces sp.,4
618,GCF_009834125.1,Streptomyces sp.,6
619,GCF_009834145.1,Streptomyces sp.,6
620,GCF_009852415.1,Streptomyces sp.,6
621,GCF_009857135.1,Streptomyces sp.,5
622,GCF_900091985.1,Streptomyces sp.,1
622,GCF_900091975.1,Streptomyces sp.,1
622,GCF_009862025.1,Streptomyces sp.,1
623,GCF_009862355.1,Streptomyces sp.,1
624,GCF_900091765.1,Streptomyces sp.,1
624,GCF_009862465.1,Streptomyces sp.,1
625,GCF_009862505.1,Streptomyces sp.,1
626,GCF_009862625.1,Streptomyces sp.,1
627,GCF_009862685.1,Streptomyces sp.,2
628,GCF_009862765.1,Streptomyces sp.,1
629,GCF_009863035.1,Streptomyces sp.,1
630,GCF_009863125.1,Streptomyces sp.,1
630,GCF_900091725.1,Streptomyces sp.,1
631,GCF_009863145.1,Streptomyces sp.,1
631,GCF_900091775.1,Streptomyces sp.,1
632,GCF_900091885.1,Streptomyces sp.,1
633,GCF_009864905.1,Streptomyces sp.,1
633,GCF_900187925.1,Streptomyces sp.,1
634,GCF_009865205.1,Streptomyces sp.,1
635,GCF_900091785.1,Streptomyces sp.,1
636,GCF_009865475.1,Streptomyces sp.,1
637,GCF_009865505.1,Streptomyces sp.,1
638,GCF_009865565.1,Streptomyces sp.,1
639,GCF_009865595.1,Streptomyces sp.,1
640,GCF_009872515.1,Streptomyces sp.,1
641,GCF_009872555.1,Streptomyces sp.,1
642,GCF_009872565.1,Streptomyces sp.,1
643,GCF_010119355.1,Streptomyces sp.,1
644,GCF_017979945.1,Streptomyces sp.,7
644,GCF_010523235.1,Streptomyces sp.,6
645,GCF_010548045.1,Streptomyces anulatus,1
646,GCF_010548165.1,Streptomyces cyaneofuscatus,1
647,GCF_010548175.1,Streptomyces halstedii,1
648,GCF_010548375.1,Streptomyces sp.,1
649,GCF_010548385.1,Streptomyces coelicoflavus,1
650,GCF_010548435.1,Streptomyces coelicoflavus,1
651,GCF_010548465.1,Streptomyces sp.,1
652,GCF_010548505.1,Streptomyces sp.,1
653,GCF_010548615.1,Streptomyces anulatus,1
654,GCF_010548665.1,Streptomyces parvus,1
655,GCF_010548705.1,Streptomyces anulatus,1
655,GCF_010550525.1,Streptomyces anulatus,1
656,GCF_010548725.1,Streptomyces sp.,1
657,GCF_010550325.1,Streptomyces rubrogriseus,1
658,GCF_010550365.1,Streptomyces sp.,1
659,GCF_010550405.1,Streptomyces rochei,1
660,GCF_010550435.1,Streptomyces sp.,1
661,GCF_010550645.1,Streptomyces sp.,1
662,GCF_010892295.1,Streptomyces rhizosphaericus,1
663,GCF_010993835.1,Streptomyces sp.,5
664,GCF_011008945.1,Streptomyces sp.,1
665,GCF_011055525.1,Streptomyces sp.,1
666,GCF_011170105.1,Streptomyces rutgersensis,3
667,GCF_011170125.1,Streptomyces diastaticus,5
667,GCF_014648935.1,Streptomyces diastaticus,1
668,GCF_011290345.1,Streptomyces sp.,1
669,GCF_011317205.1,Streptomyces sp.,3
670,GCF_012927245.1,Streptomyces sp.,1
670,GCF_012927225.1,Streptomyces sp.,1
671,GCF_013046785.1,Streptomyces sp.,3
672,GCF_013363665.1,Streptomyces sp.,1
672,GCF_013363455.1,Streptomyces sp.,1
673,GCF_013363465.1,Streptomyces odorifer,1
673,GCF_015601545.1,Streptomyces albidoflavus,7
674,GCF_013363475.1,Streptomyces sp.,1
675,GCF_013363575.1,Streptomyces sp.,1
676,GCF_013363655.1,Streptomyces sp.,1
677,GCF_013363675.1,Streptomyces sp.,1
678,GCF_013363735.1,Streptomyces sp.,1
679,GCF_013364095.1,Streptomyces harbinensis,5
680,GCF_013364175.1,Streptomyces sp.,2
681,GCF_013364315.1,Streptomyces fulvissimus,6
682,GCF_013375055.1,Streptomyces chartreusis,1
683,GCF_013394065.1,Streptomyces rectiverticillatus,3
684,GCF_013401535.1,Streptomyces sp.,1
685,GCF_013423905.1,Streptomyces sp.,6
686,GCF_013870595.1,Streptomyces sp.,1
687,GCF_014076605.1,Streptomyces sp.,1
688,GCF_014138735.1,Streptomyces calvus,1
688,GCF_014649315.1,Streptomyces calvus,1
689,GCF_014138855.1,Streptomyces murinus,7
690,GCF_014138905.1,Streptomyces murinus,7
691,GCF_014202475.1,Streptomyces paradoxus,1
692,GCF_014650615.1,Streptomyces albaduncus,1
692,GCF_014203495.1,Streptomyces albaduncus,1
693,GCF_014203535.1,Streptomyces griseostramineus,1
693,GCF_014649635.1,Streptomyces griseostramineus,1
694,GCF_014203595.1,Streptomyces echinatus,1
695,GCF_014205055.1,Streptomyces luteogriseus,1
696,GCF_014205255.1,Streptomyces caelestis,6
697,GCF_014207295.1,Streptomyces sp.,1
698,GCF_014253015.1,Streptomyces sp.,1
699,GCF_014596915.1,Streptomyces sp.,1
700,GCF_014648195.1,Streptomyces purpureus,1
701,GCF_014648635.1,Streptomyces cinerochromogenes,1
702,GCF_014648655.1,Streptomyces atratus,1
703,GCF_014649135.1,Streptomyces niveoruber,1
704,GCF_014649475.1,Streptomyces daghestanicus,1
705,GCF_014649515.1,Streptomyces flavoviridis,1
706,GCF_014649535.1,Streptomyces gelaticus,1
707,GCF_014649595.1,Streptomyces griseomycini,1
708,GCF_014649875.1,Streptomyces rubiginosohelvolus,1
709,GCF_014649895.1,Streptomyces rubiginosus,1
710,GCF_014649995.1,Streptomyces griseoflavus,1
711,GCF_014650115.1,Streptomyces olivaceoviridis,1
712,GCF_014650135.1,Streptomyces plicatus,1
713,GCF_014650155.1,Streptomyces purpurascens,1
714,GCF_014650435.1,Streptomyces tendae,1
715,GCF_014650735.1,Streptomyces canarius,1
716,GCF_014650895.1,Streptomyces omiyaensis,1
717,GCF_014651075.1,Streptomyces djakartensis,1
718,GCF_014655335.1,Streptomyces griseus,1
719,GCF_014655475.1,Streptomyces viridodiastaticus,1
720,GCF_014656075.1,Streptomyces hydrogenans,1
721,GCF_014673495.1,Streptomyces griseofuscus,7
722,GCF_014701095.1,Streptomyces tuirus,5
723,GCF_014905535.1,Streptomyces sp.,1
724,GCF_015163075.1,Streptomyces sp.,1
725,GCF_015244315.1,Streptomyces olivaceus,3
726,GCF_015475835.1,Streptomyces sp.,1
727,GCF_015645455.1,Streptomyces olivaceus,1
728,GCF_015680775.2,Streptomyces sp.,1
729,GCF_015710995.1,Streptomyces gardneri,7
730,GCF_016432735.1,Streptomyces sp.,5
731,GCF_016457305.1,Streptomyces sp.,7
732,GCF_016467295.1,Streptomyces costaricanus,6
733,GCF_016612545.1,Streptomyces sp.,1
734,GCF_016654065.1,Streptomyces sp.,1
734,GCF_016612645.1,Streptomyces sp.,1
734,GCF_016612575.1,Streptomyces sp.,1
735,GCF_016612625.1,Streptomyces sp.,1
736,GCF_016612665.1,Streptomyces sp.,1
737,GCF_016612775.1,Streptomyces sp.,1
737,GCF_016612725.1,Streptomyces sp.,1
737,GCF_016612705.1,Streptomyces sp.,1
738,GCF_016613335.1,Streptomyces sp.,1
738,GCF_016613285.1,Streptomyces sp.,1
739,GCF_016653995.1,Streptomyces sp.,1
740,GCF_016654055.1,Streptomyces sp.,1
741,GCF_016654115.1,Streptomyces sp.,1
742,GCF_016741825.1,Streptomyces sp.,1
743,GCF_016741855.1,Streptomyces sp.,1
744,GCF_016741935.1,Streptomyces sp.,1
745,GCF_016772455.1,Streptomyces fulvissimus,1
746,GCF_016803985.1,Streptomyces koyangensis,5
747,GCF_016860525.1,Streptomyces achromogenes,3
748,GCF_016901035.1,Streptomyces sp.,1
749,GCF_016909575.1,Streptomyces sp.,1
750,GCF_016917755.1,Streptomyces noursei,1
751,GCF_017311125.1,Streptomyces sp.,6
752,GCF_017358145.1,Streptomyces sp.,6
753,GCF_017526105.1,Streptomyces cyanogenus,1
754,GCF_017592595.1,Streptomyces sp.,1
755,GCF_017614965.1,Streptomyces griseorubiginosus,1
756,GCF_017877015.1,Streptomyces sp.,7
757,GCF_017933235.1,Streptomyces sp.,5
757,GCF_017968965.1,Streptomyces sp.,5
758,GCF_017969005.1,Streptomyces sp.,3
759,GCF_017969025.1,Streptomyces sp.,2
760,GCF_018070055.1,Streptomyces sp.,1
761,GCF_018070125.1,Streptomyces sp.,1
762,GCF_018070145.1,Streptomyces sp.,1
763,GCF_018070175.1,Streptomyces sp.,1
763,GCF_018070265.1,Streptomyces sp.,1
764,GCF_018070205.1,Streptomyces sp.,1
765,GCF_018070225.1,Streptomyces sp.,1
766,GCF_018070255.1,Streptomyces sp.,1
767,GCF_018070535.1,Streptomyces sp.,1
768,GCF_018070665.1,Streptomyces sp.,1
769,GCF_018070745.1,Streptomyces sp.,1
770,GCF_018128905.1,Streptomyces sp.,6
771,GCF_018530775.1,Streptomyces sp.,1
772,GCF_018530825.1,Streptomyces sp.,1
773,GCF_018614185.1,Streptomyces sp.,1
773,GCF_018614355.1,Streptomyces sp.,1
774,GCF_018614415.1,Streptomyces sp.,1
775,GCF_018619195.1,Streptomyces sp.,1
775,GCF_018619165.1,Streptomyces sp.,1
775,GCF_018619235.1,Streptomyces sp.,1
776,GCF_018619185.1,Streptomyces sp.,1
777,GCF_018638305.1,Streptomyces sp.,1
778,GCF_018638335.1,Streptomyces sp.,1
779,GCF_018966745.1,Streptomyces sp.,1
780,GCF_018982965.1,Streptomyces sp.,1
781,GCF_019049125.1,Streptomyces sp.,1
782,GCF_019049185.1,Streptomyces anulatus,1
783,GCF_019049245.1,Streptomyces sp.,1
784,GCF_019049255.1,Streptomyces sp.,1
785,GCF_019049285.1,Streptomyces sp.,1
786,GCF_019067045.1,Streptomyces sp.,1
787,GCF_019090105.1,Streptomyces sp.,1
788,GCF_900079405.2,Streptomyces sp.,1
789,GCF_900079415.1,Streptomyces sp.,1
790,GCF_900091315.1,Streptomyces sp.,1
791,GCF_900091865.1,Streptomyces sp.,1
792,GCF_900091875.1,Streptomyces sp.,1
793,GCF_900091905.1,Streptomyces sp.,1
794,GCF_900092005.1,Streptomyces sp.,1
795,GCF_900104815.1,Streptomyces misionensis,4
796,GCF_900105265.1,Streptomyces sp.,1
797,GCF_900105395.1,Streptomyces sp.,10
798,GCF_900105465.1,Streptomyces sp.,5
799,GCF_900105605.1,Streptomyces sp.,6
800,GCF_900105915.1,Streptomyces sp.,7
801,GCF_900119365.1,Streptomyces atratus,1
802,GCF_900171555.1,Streptomyces albidoflavus,1
803,GCF_900206255.1,Streptomyces sp.,4
804,GCF_900215595.1,Streptomyces sp.,6
805,GCF_900215615.1,Streptomyces sp.,6
